45号,mCeH2N5
小瑛,GmZI
阮嘉民,wuxN
陈欣,USyq
梁 晨,MATS
No！,mVHx
相阳,SPFc
W*I,WpPb
开心,yXVA
许佩佩,mgqX
Gigi,iUgk
饿了,kFuT
肉莹仔,yUiA
Elsa,DsIf
龙儿,djzT
耿世哲,Ckhb
静萱,ZDpa
许佩佩,wYVX
卢莎,mUqQ
为食猪,qcVU
lucifer,jqLY
kayie,cOPM
我本人,XZQI
未知账户1,kQZB
千返,FtHJ
紫气东来,HatO
电车,qtwG
惠娟,kFnK
账户16,wrZL
账户17,Jgjq
账户18,qQOS
李下瓜田,MQyV
Karen,gWYZHLU
账户18,eFsl
账户19,VrGu
账户20,Asyp
账户21,xlLI
账户22,bvXZ
账户23,vFqn
账户24,SrGQ
账户25,EsaZ
账户26,KOLE
账户27,dKGb
账户28,ymRD
账户29,VvTq
账户30,wnIi
账户31,OSgl
账户32,DFnd
账户33,biqz
账户34,MRxs
账户35,qzvO
账户36,BHMU
账户37,zFbk
账户38,bdqG
账户39,sLrd
账户40,QDZT
账户41,VWbm
账户42,YKtS
账户43,sxfk
账户44,FJEI
账户45,mrqA
账户46,HjBz
账户47,jZMA
账号lacv,lacv
账号Gwnk,Gwnk
账号CAVL,CAVL
账号TMSD,TMSD
账号zaso,zaso
账号bJwA,bJwA
账号GiVI,GiVI
账号xSad,xSad
账号QxBF,QxBF
账号oFBg,oFBg
账号GkFi,GkFi
账号QrSu,QrSu
账号aKTV,aKTV
账号QNGt,QNGt
账号DLFb,DLFb
账号KgTL,KgTL
账号KvYA,KvYA
账号HsAN,HsAN
账号UsPz,UsPz
账号GkDA,GkDA
账号aDqW,aDqW
账号HAIB,HAIB
账号zNnx,zNnx
账号FWVt,FWVt
账号kfgy,kfgy
账号iByc,iByc
账号XmlO,XmlO
账号jlxp,jlxp
账号owXd,owXd
账号nlWQ,nlWQ
账号twAM,twAM
账号WvOw,WvOw
账号HuWF,HuWF
账号fQaP,fQaP
账号qYcj,qYcj
账号RfGE,RfGE
账号CFeu,CFeu
账号Ebzv,Ebzv
账号mCNB,mCNB
账号RvwI,RvwI
账号TEfb,TEfb
账号tfnD,tfnD
账号rnOJ,rnOJ
账号sMCI,sMCI
账号OTDS,OTDS
账号FLqV,FLqV
账号UvYg,UvYg
账号Zfbi,Zfbi
账号dAat,dAat
账号hGLO,hGLO
账号cYNo,cYNo
账号ETza,ETza
账号wOht,wOht
账号qpFV,qpFV
账号wStN,wStN
账号QEJe,QEJe
账号xZpr,xZpr
账号bEKq,bEKq
账号SgPp,SgPp
账号qfcL,qfcL
账号FeoI,FeoI
账号yhTa,yhTa
账号vUIs,vUIs
账号xQfn,xQfn
账号pcAE,pcAE
账号pzvo,pzvo
账号LAvS,LAvS
账号tvic,tvic
账号jgcb,jgcb
账号larn,larn
账号ilOB,ilOB
账号ruio,ruio
账号AWtN,AWtN
账号rcAo,rcAo
账号WLSf,WLSf
账号jpIi,jpIi
账号zXlu,zXlu
账号SQfn,SQfn
账号UCbu,UCbu
账号snmg,snmg
账号Ilqo,Ilqo
账号FKfs,FKfs
账号VGFu,VGFu
账号BgCH,BgCH
账号uOtT,uOtT
账号cRhw,cRhw
账号MpwF,MpwF
账号unpv,unpv
账号ErXR,ErXR
账号hNdA,hNdA
账号zZDe,zZDe
账号scuA,scuA
账号HTVA,HTVA
账号rQmA,rQmA
账号eSNj,eSNj
账号KYEo,KYEo
账号wqzn,wqzn
账号VrDK,VrDK
账号JSqk,JSqk
账号pdNZ,pdNZ
账号keGl,keGl
账号tdNM,tdNM
账号ZBzE,ZBzE
账号BcoI,BcoI
账号AazX,AazX
账号JNLs,JNLs
账号pAbQ,pAbQ
账号sHgW,sHgW
账号GAWa,GAWa
账号TnNa,TnNa
账号gvpT,gvpT
账号IfxZ,IfxZ
账号ywnB,ywnB
账号RGzs,RGzs
账号LBPM,LBPM
账号sDnj,sDnj
账号NTEf,NTEf
账号DHCq,DHCq
账号Tdtn,Tdtn
账号fmeP,fmeP
账号GTuR,GTuR
账号twvB,twvB
账号SCkm,SCkm
账号zNot,zNot
账号ywtx,ywtx
账号iqkM,iqkM
账号hQAC,hQAC
账号OPan,OPan
账号FeNh,FeNh
账号vtAB,vtAB
账号qiPv,qiPv
账号Hngl,Hngl
账号SQOo,SQOo
账号yRCs,yRCs
账号oNTa,oNTa
账号xXYu,xXYu
账号TqUu,TqUu
账号GJRX,GJRX
账号UZEc,UZEc
账号bAWS,bAWS
账号aJwi,aJwi
账号dzoO,dzoO
账号NAuv,NAuv
账号ODma,ODma
账号zKUF,zKUF
账号qUgz,qUgz
账号VslO,VslO
账号JafI,JafI
账号obrg,obrg
账号HZNG,HZNG
账号JNKX,JNKX
账号mMbR,mMbR
账号JowZ,JowZ
账号whzp,whzp
账号roGe,roGe
账号wHri,wHri
账号bIfR,bIfR
账号TgRz,TgRz
账号WeEx,WeEx
账号CXvl,CXvl
账号lRcJ,lRcJ
账号pVQL,pVQL
账号FVrM,FVrM
账号qXhn,qXhn
账号bCkI,bCkI
账号yGAd,yGAd
账号Oruw,Oruw
账号XLRA,XLRA
账号rSJZ,rSJZ
账号BauS,BauS
账号hiZf,hiZf
账号JPEx,JPEx
账号mRIa,mRIa
账号owPK,owPK
账号SqVR,SqVR
账号QZhC,QZhC
账号hqdf,hqdf
账号pTSX,pTSX
账号OlAC,OlAC
账号hPSM,hPSM
账号RwdV,RwdV
账号nSfU,nSfU
账号tMkr,tMkr
账号hnTZ,hnTZ
账号pgmK,pgmK
账号ENti,ENti
账号TVxp,TVxp
账号NcKU,NcKU
账号NFJO,NFJO
账号JVuf,JVuf
账号gMTy,gMTy
账号TchV,TchV
账号zIcF,zIcF
账号fzhw,fzhw
账号koOI,koOI
账号JByA,JByA
账号fhVE,fhVE
账号avYU,avYU
账号Xtdx,Xtdx
账号laUn,laUn
账号wEbr,wEbr
账号zBlr,zBlr
账号nzKk,nzKk
账号VuaN,VuaN
账号rasm,rasm
账号XRFr,XRFr
账号GOcl,GOcl
账号toAp,toAp
账号aJHQ,aJHQ
账号gERs,gERs
账号fleg,fleg
账号ENgh,ENgh
账号pHAr,pHAr
账号bLNE,bLNE
账号XQpG,XQpG
账号LrlR,LrlR
账号Wuyp,Wuyp
账号AeSo,AeSo
账号loaC,loaC
账号Ppgz,Ppgz
账号ZIJs,ZIJs
账号BvhU,BvhU
账号QoRp,QoRp
账号xpJq,xpJq
账号fgTi,fgTi
账号jXae,jXae
账号Oomr,Oomr
账号VkLY,VkLY
账号IfZT,IfZT
账号yods,yods
账号bIyW,bIyW
账号qkKN,qkKN
账号JovA,JovA
账号ikBT,ikBT
账号atAU,atAU
账号kSPQ,kSPQ
账号ozVT,ozVT
账号ibGa,ibGa
账号DrgJ,DrgJ
账号DYsB,DYsB
账号tHUz,tHUz
账号RINi,RINi
账号VKBE,VKBE
账号iNuB,iNuB
账号rDnX,rDnX
账号kWFa,kWFa
账号uJoF,uJoF
账号FNfx,FNfx
账号xRTJ,xRTJ
账号BybS,BybS
账号loWj,loWj
账号odmK,odmK
账号EhBu,EhBu
账号sRve,sRve
账号svHT,svHT
账号LEpe,LEpe
账号eqwK,eqwK
账号QNau,QNau
账号fFCw,fFCw
账号ihGp,ihGp
账号nzsL,nzsL
账号sMxY,sMxY
账号mEDh,mEDh
账号GRvj,GRvj
账号SdzC,SdzC
账号GLQg,GLQg
账号IofB,IofB
账号LtzX,LtzX
账号VuFN,VuFN
账号douz,douz
账号jWvF,jWvF
账号aBRm,aBRm
账号NkXf,NkXf
账号bHXR,bHXR
账号bnDf,bnDf
账号VsfY,VsfY
账号OzTa,OzTa
账号PWAL,PWAL
账号sBEg,sBEg
账号QJny,QJny
账号kpjX,kpjX
账号pwJD,pwJD
账号LZfU,LZfU
账号kehX,kehX
账号HtCd,HtCd
账号IYfL,IYfL
账号tKGi,tKGi
账号Tlqm,Tlqm
账号EOLv,EOLv
账号QMir,QMir
账号VsQH,VsQH
账号fJbz,fJbz
账号WqIe,WqIe
账号QvPD,QvPD
账号NWPq,NWPq
账号yeiu,yeiu
账号EWQY,EWQY
账号yzqd,yzqd
账号Wvam,Wvam
账号rMaf,rMaf
账号Vpwl,Vpwl
账号lYHj,lYHj
账号YvQx,YvQx
账号DKfY,DKfY
账号YNcb,YNcb
账号YlPW,YlPW
账号VNfS,VNfS
账号ZqVj,ZqVj
账号xAtI,xAtI
账号lJzP,lJzP
账号GixY,GixY
账号FCUn,FCUn
账号jutJ,jutJ
账号olEc,olEc
账号HFsf,HFsf
账号adWs,adWs
账号IefS,IefS
账号wlhF,wlhF
账号Hsgx,Hsgx
账号dQhb,dQhb
账号jZXu,jZXu
账号wOAf,wOAf
账号iFtA,iFtA
账号XKsS,XKsS
账号OuMF,OuMF
账号eLQU,eLQU
账号YUSa,YUSa
账号bRLE,bRLE
账号dsNl,dsNl
账号nABb,nABb
账号Tnwo,Tnwo
账号mPep,mPep
账号EejL,EejL
账号UVuc,UVuc
账号ucwB,ucwB
账号cFTp,cFTp
账号OovY,OovY
账号tISx,tISx
账号oLFn,oLFn
账号WpLY,WpLY
账号ADFl,ADFl
账号QzOg,QzOg
账号WOxs,WOxs
账号wHdv,wHdv
账号yPDK,yPDK
账号Jmqw,Jmqw
账号cJsL,cJsL
账号KpnW,KpnW
账号UvIf,UvIf
账号lzUS,lzUS
账号nPoC,nPoC
账号lziM,lziM
账号lUvO,lUvO
账号zFRy,zFRy
账号YPUJ,YPUJ
账号unbX,unbX
账号bEln,bEln
账号PFjh,PFjh
账号rgND,rgND
账号JuGU,JuGU
账号AKvB,AKvB
账号RSga,RSga
账号ZQbX,ZQbX
账号tjTE,tjTE
账号zBmh,zBmh
账号LxuP,LxuP
账号OUyH,OUyH
账号uHnJ,uHnJ
账号TazD,TazD
账号jEAU,jEAU
账号GuEg,GuEg
账号Xriw,Xriw
账号Xkup,Xkup
账号qsZQ,qsZQ
账号kiUn,kiUn
账号huNb,huNb
账号VzFo,VzFo
账号hNgd,hNgd
账号aseO,aseO
账号OtXE,OtXE
账号BokC,BokC
账号Ptys,Ptys
账号FaJq,FaJq
账号qgtV,qgtV
账号XDbh,XDbh
账号bmnh,bmnh
账号Xcik,Xcik
账号zCJw,zCJw
账号Qdvz,Qdvz
账号rHYc,rHYc
账号JfmL,JfmL
账号EowY,EowY
账号tdUq,tdUq
账号SKVj,SKVj
账号GYle,GYle
账号ixmo,ixmo
账号TAsg,TAsg
账号SKHj,SKHj
账号eSiq,eSiq
账号SbhG,SbhG
账号ANju,ANju
账号LjEI,LjEI
账号KOkD,KOkD
账号ArjT,ArjT
账号xAHt,xAHt
账号xRXb,xRXb
账号Yvfn,Yvfn
账号BJdu,BJdu
账号qgWP,qgWP
账号qAxz,qAxz
账号djiF,djiF
账号nfqI,nfqI
账号QshO,QshO
账号qXur,qXur
账号vasW,vasW
账号gHKD,gHKD
账号yMub,yMub
账号nLVe,nLVe
账号VrGN,VrGN
账号srqQ,srqQ
账号XMnf,XMnf
账号DRFZ,DRFZ
账号oMlN,oMlN
账号ANhi,ANhi
账号qQod,qQod
账号Lbgf,Lbgf
账号PGAp,PGAp
账号DBKV,DBKV
账号qZhu,qZhu
账号PLhD,PLhD
账号CWgq,CWgq
账号IJjs,IJjs
账号CyjF,CyjF
账号YkCa,YkCa
账号NbIY,NbIY
账号KpFR,KpFR
账号nmcz,nmcz
账号yNmK,yNmK
账号AFpQ,AFpQ
账号SHNp,SHNp
账号ScNY,ScNY
账号mESD,mESD
账号nqbN,nqbN
账号GEAm,GEAm
账号icdr,icdr
账号xykj,xykj
账号vYlW,vYlW
账号rRCz,rRCz
账号mIDH,mIDH
账号Kbyw,Kbyw
账号hiOp,hiOp
账号gfxj,gfxj
账号zZCT,zZCT
账号FRSw,FRSw
账号xmSc,xmSc
账号DxaU,DxaU
账号KqPt,KqPt
账号fmuL,fmuL
账号YCwM,YCwM
账号KEjH,KEjH
账号lwcQ,lwcQ
账号bGpY,bGpY
账号TEyb,TEyb
账号NsDR,NsDR
账号kNEg,kNEg
账号IZaK,IZaK
账号ucIv,ucIv
账号AunE,AunE
账号aZOj,aZOj
账号hEkr,hEkr
账号SFpw,SFpw
账号ZWfg,ZWfg
账号XlhW,XlhW
账号ySlp,ySlp
账号yzjG,yzjG
账号UmBV,UmBV
账号fgYv,fgYv
账号fEgW,fEgW
账号lpnO,lpnO
账号RKHm,RKHm
账号KRgB,KRgB
账号kgCi,kgCi
账号CBNG,CBNG
账号EudJ,EudJ
账号tJXI,tJXI
账号UFDm,UFDm
账号NIPD,NIPD
账号iBNl,iBNl
账号WISk,WISk
账号uKkD,uKkD
账号cvQg,cvQg
账号hKdv,hKdv
账号Bynl,Bynl
账号XVOe,XVOe
账号DmFR,DmFR
账号xtfC,xtfC
账号wiun,wiun
账号kuAZ,kuAZ
账号GSMf,GSMf
账号gweZ,gweZ
账号qBme,qBme
账号Yihq,Yihq
账号jlyF,jlyF
账号wyOH,wyOH
账号mjTd,mjTd
账号eDKf,eDKf
账号pSiU,pSiU
账号SkNV,SkNV
账号fzIe,fzIe
账号PBUW,PBUW
账号DTWE,DTWE
账号SYpa,SYpa
账号Kfpv,Kfpv
账号cbre,cbre
账号jNdB,jNdB
账号URrd,URrd
账号Udwg,Udwg
账号bfDF,bfDF
账号gKph,gKph
账号ZbPD,ZbPD
账号VASx,VASx
账号jHpt,jHpt
账号mkXd,mkXd
账号iaEh,iaEh
账号GyHQ,GyHQ
账号BVzx,BVzx
账号rVCx,rVCx
账号wbSg,wbSg
账号IpSB,IpSB
账号HwCa,HwCa
账号gXnF,gXnF
账号yZpH,yZpH
账号HzMy,HzMy
账号vXmW,vXmW
账号aCuq,aCuq
账号RBvI,RBvI
账号eUCo,eUCo
账号nqJt,nqJt
账号dFvR,dFvR
账号GpTg,GpTg
账号UGbh,UGbh
账号uAqa,uAqa
账号eXxm,eXxm
账号GZzU,GZzU
账号MKfN,MKfN
账号btBi,btBi
账号BmhY,BmhY
账号QxKU,QxKU
账号vpgy,vpgy
账号WaKd,WaKd
账号LcQJ,LcQJ
账号lvJq,lvJq
账号WNTy,WNTy
账号ZHvm,ZHvm
账号ovWH,ovWH
账号axZU,axZU
账号Jpqt,Jpqt
账号Drpi,Drpi
账号CAzR,CAzR
账号uPjm,uPjm
账号pvWX,pvWX
账号NhKS,NhKS
账号YwTB,YwTB
账号gKcB,gKcB
账号KvwO,KvwO
账号dUYH,dUYH
账号uVdv,uVdv
账号yxJY,yxJY
账号SgrH,SgrH
账号ZANB,ZANB
账号wnMt,wnMt
账号dzrX,dzrX
账号fiuE,fiuE
账号flEw,flEw
账号EjKo,EjKo
账号juEQ,juEQ
账号dqya,dqya
账号wgVN,wgVN
账号tbhQ,tbhQ
账号iTgB,iTgB
账号CFKm,CFKm
账号RNWL,RNWL
账号WgPk,WgPk
账号CLET,CLET
账号xbCX,xbCX
账号tbLX,tbLX
账号jSvq,jSvq
账号otcw,otcw
账号aKfB,aKfB
账号KJFC,KJFC
账号cYrJ,cYrJ
账号hMrA,hMrA
账号zZWw,zZWw
账号rIGb,rIGb
账号KnpZ,KnpZ
账号wWDJ,wWDJ
账号hLDi,hLDi
账号VoBe,VoBe
账号XfZk,XfZk
账号WoCL,WoCL
账号Fgsq,Fgsq
账号TnBj,TnBj
账号nsKF,nsKF
账号crDu,crDu
账号AzXx,AzXx
账号GOhU,GOhU
账号wuGi,wuGi
账号fAPg,fAPg
账号uxlG,uxlG
账号ToAy,ToAy
账号TrFy,TrFy
账号mHdK,mHdK
账号HZzi,HZzi
账号fjAc,fjAc
账号uXIA,uXIA
账号KrMl,KrMl
账号jqXs,jqXs
账号lMNe,lMNe
账号XZxa,XZxa
账号AnKO,AnKO
账号gfAo,gfAo
账号EuxB,EuxB
账号aLPT,aLPT
账号Tvmp,Tvmp
账号JNZs,JNZs
账号LuKQ,LuKQ
账号gKMb,gKMb
账号VPWY,VPWY
账号ktOL,ktOL
账号oERF,oERF
账号vwKf,vwKf
账号WFpY,WFpY
账号RKVG,RKVG
账号dojQ,dojQ
账号vmAE,vmAE
账号nPHy,nPHy
账号MVzh,MVzh
账号MPmn,MPmn
账号ALbd,ALbd
账号oxCM,oxCM
账号tmWG,tmWG
账号jOWc,jOWc
账号yGLW,yGLW
账号mEiD,mEiD
账号aGyg,aGyg
账号inTw,inTw
账号rZNK,rZNK
账号nbGk,nbGk
账号WPGp,WPGp
账号YoOH,YoOH
账号wPDf,wPDf
账号Naeb,Naeb
账号LzMV,LzMV
账号qMNb,qMNb
账号Oxai,Oxai
账号pXsR,pXsR
账号wKCu,wKCu
账号dabn,dabn
账号RfhS,RfhS
账号jSEc,jSEc
账号YbXo,YbXo
账号idoP,idoP
账号Tphe,Tphe
账号xbsX,xbsX
账号ZyDR,ZyDR
账号WQif,WQif
账号Gfsb,Gfsb
账号jiht,jiht
账号pHEW,pHEW
账号RCGs,RCGs
账号ihPq,ihPq
账号rRYF,rRYF
账号Sgxp,Sgxp
账号hFtd,hFtd
账号JbWh,JbWh
账号CDxc,CDxc
账号kjIr,kjIr
账号seNM,seNM
账号HCQT,HCQT
账号CfNk,CfNk
账号ryeG,ryeG
账号oNeP,oNeP
账号orDZ,orDZ
账号AvUN,AvUN
账号PZeh,PZeh
账号rOdH,rOdH
账号PWBj,PWBj
账号PXMl,PXMl
账号CJQU,CJQU
账号eXmy,eXmy
账号pSkC,pSkC
账号AlqU,AlqU
账号jzgD,jzgD
账号iUvG,iUvG
账号vapG,vapG
账号PNDo,PNDo
账号VMCI,VMCI
账号gbzJ,gbzJ
账号gQnL,gQnL
账号fjOA,fjOA
账号uYIW,uYIW
账号DkQm,DkQm
账号JFtC,JFtC
账号dEqW,dEqW
账号iZvA,iZvA
账号SNOI,SNOI
账号jHpG,jHpG
账号cIiH,cIiH
账号GnAB,GnAB
账号dLmj,dLmj
账号AfUB,AfUB
账号JKEA,JKEA
账号xdos,xdos
账号AxZl,AxZl
账号sGDy,sGDy
账号HiVU,HiVU
账号uWRk,uWRk
账号MakA,MakA
账号Qxco,Qxco
账号mKrc,mKrc
账号NLsV,NLsV
账号eIJi,eIJi
账号XYxV,XYxV
账号QHYt,QHYt
账号QubS,QubS
账号WpMN,WpMN
账号BeyW,BeyW
账号tCnm,tCnm
账号kgfr,kgfr
账号AVmw,AVmw
账号OtsY,OtsY
账号MYTN,MYTN
账号yjIr,yjIr
账号FXJf,FXJf
账号KMcD,KMcD
账号ickV,ickV
账号Twly,Twly
账号YAwF,YAwF
账号wtXA,wtXA
账号QVDg,QVDg
账号XEVa,XEVa
账号vxDX,vxDX
账号VXLu,VXLu
账号roLP,roLP
账号awut,awut
账号JcDI,JcDI
账号BcPg,BcPg
账号pCMK,pCMK
账号ldUQ,ldUQ
账号clLA,clLA
账号TfDz,TfDz
账号yupq,yupq
账号Pctr,Pctr
账号TNDq,TNDq
账号ZJGS,ZJGS
账号lWgr,lWgr
账号htnR,htnR
账号XSJa,XSJa
账号NHWl,NHWl
账号DJvT,DJvT
账号XCnU,XCnU
账号MkXI,MkXI
账号adTp,adTp
账号kIFZ,kIFZ
账号hEaI,hEaI
账号Yjrg,Yjrg
账号trUo,trUo
账号buPs,buPs
账号tzkc,tzkc
账号XFfm,XFfm
账号WgRM,WgRM
账号PuwY,PuwY
账号iZnk,iZnk
账号yOkI,yOkI
账号fguK,fguK
账号QIZs,QIZs
账号JHbX,JHbX
账号Bnxj,Bnxj
账号nTgE,nTgE
账号RCYo,RCYo
账号Ldmi,Ldmi
账号sqQz,sqQz
账号nfSI,nfSI
账号QsBo,QsBo
账号XkKa,XkKa
账号xJPy,xJPy
账号xUeG,xUeG
账号XfZw,XfZw
账号VprJ,VprJ
账号pjoE,pjoE
账号RdWM,RdWM
账号GUtL,GUtL
账号gVYj,gVYj
账号XEwp,XEwp
账号zhUd,zhUd
账号EmTx,EmTx
账号hIsL,hIsL
账号xTOg,xTOg
账号kiLb,kiLb
账号DTaH,DTaH
账号RrYE,RrYE
账号XUqx,XUqx
账号pXTe,pXTe
账号jxoq,jxoq
账号bmOv,bmOv
账号Nvqu,Nvqu
账号siRV,siRV
账号wsgA,wsgA
账号SIXh,SIXh
账号JpHa,JpHa
账号MQKF,MQKF
账号uObR,uObR
账号ZyGH,ZyGH
账号nLKx,nLKx
账号RngL,RngL
账号yTun,yTun
账号pWCF,pWCF
账号yLTZ,yLTZ
账号LXsB,LXsB
账号bnJB,bnJB
账号GFms,GFms
账号lztb,lztb
账号CMag,CMag
账号IgBx,IgBx
账号vXUN,vXUN
账号naWl,naWl
账号SKvQ,SKvQ
账号sfmS,sfmS
账号JbEs,JbEs
账号EyHa,EyHa
账号SLPd,SLPd
账号oHSR,oHSR
账号PgvD,PgvD
账号Qcub,Qcub
账号JPQf,JPQf
账号psMq,psMq
账号QMck,QMck
账号ubSx,ubSx
账号UGWD,UGWD
账号acRU,acRU
账号VlkP,VlkP
账号fXgo,fXgo
账号OHaX,OHaX
账号FoaS,FoaS
账号oYys,oYys
账号UYJw,UYJw
账号SlPh,SlPh
账号QxAg,QxAg
账号dMQK,dMQK
账号VrQH,VrQH
账号lDoh,lDoh
账号FhRT,FhRT
账号oCuj,oCuj
账号bYfc,bYfc
账号iABs,iABs
账号XvLl,XvLl
账号OnFu,OnFu
账号kCQI,kCQI
账号ldrA,ldrA
账号IUAY,IUAY
账号xFhb,xFhb
账号Ewdl,Ewdl
账号Cifb,Cifb
账号OWXj,OWXj
账号gGDN,gGDN
账号eRtG,eRtG
账号cPAX,cPAX
账号kqMr,kqMr
账号tDbA,tDbA
账号VJPE,VJPE
账号mDpE,mDpE
账号wRPv,wRPv
账号kwCf,kwCf
账号lMmO,lMmO
账号UGcX,UGcX
账号DieR,DieR
账号MyUh,MyUh
账号MmZR,MmZR
账号QGBw,QGBw
账号Eiyg,Eiyg
账号UizW,UizW
账号rupH,rupH
账号SOVT,SOVT
账号YyKn,YyKn
账号YEXf,YEXf
账号kios,kios
账号TPbA,TPbA
账号NMWn,NMWn
账号LbxW,LbxW
账号jtFU,jtFU
账号JBWT,JBWT
账号fMrL,fMrL
账号EcHp,EcHp
账号tsgb,tsgb
账号tJXS,tJXS
账号XHtV,XHtV
账号LbHP,LbHP
账号PKxD,PKxD
账号PsyJ,PsyJ
账号vlVd,vlVd
账号MPom,MPom
账号Mply,Mply
账号Pcof,Pcof
账号TMlA,TMlA
账号YEAU,YEAU
账号Mvkp,Mvkp
账号Speo,Speo
账号GieQ,GieQ
账号uSgr,uSgr
账号wRyi,wRyi
账号oMPq,oMPq
账号PszX,PszX
账号WsNu,WsNu
账号rfGs,rfGs
账号qZrb,qZrb
账号mZhB,mZhB
账号XqRO,XqRO
账号UhZR,UhZR
账号PELj,PELj
账号UhlR,UhlR
账号XbWv,XbWv
账号iYWA,iYWA
账号NMdY,NMdY
账号uhIs,uhIs
账号imqh,imqh
账号ZmaX,ZmaX
账号txLw,txLw
账号BPqu,BPqu
账号sTkE,sTkE
账号HsyM,HsyM
账号dHEO,dHEO
账号Itjl,Itjl
账号snMh,snMh
账号GIPy,GIPy
账号fXrP,fXrP
账号xOeM,xOeM
账号bCqv,bCqv
账号jzvG,jzvG
账号iglr,iglr
账号iMhy,iMhy
账号CFWs,CFWs
账号HIWJ,HIWJ
账号seHF,seHF
账号ATJe,ATJe
账号NpIt,NpIt
账号qlxj,qlxj
账号hqnX,hqnX
账号xdkR,xdkR
账号rpEA,rpEA
账号ehBc,ehBc
账号GOpZ,GOpZ
账号iloB,iloB
账号jTXY,jTXY
账号IHLB,IHLB
账号xdYX,xdYX
账号xhjm,xhjm
账号uwSA,uwSA
账号Shlj,Shlj
账号HvLc,HvLc
账号lzNV,lzNV
账号nBlD,nBlD
账号VZwu,VZwu
账号oHdX,oHdX
账号UKXI,UKXI
账号txAk,txAk
账号qPJk,qPJk
账号NVah,NVah
账号XHyJ,XHyJ
账号XUNq,XUNq
账号Cuab,Cuab
账号qiYW,qiYW
账号hmoX,hmoX
账号ygDX,ygDX
账号jZhf,jZhf
账号yaxK,yaxK
账号VGcj,VGcj
账号sKWh,sKWh
账号UCuG,UCuG
账号pWzq,pWzq
账号RKhF,RKhF
账号IKjR,IKjR
账号jzVC,jzVC
账号pnBc,pnBc
账号TGMH,TGMH
账号Dure,Dure
账号OaYC,OaYC
账号vPhG,vPhG
账号EakF,EakF
账号JYwu,JYwu
账号kljU,kljU
账号aeId,aeId
账号FKRT,FKRT
账号SUED,SUED
账号hjZP,hjZP
账号greq,greq
账号PoMm,PoMm
账号gjXp,gjXp
账号BiDg,BiDg
账号QfIz,QfIz
账号nlsZ,nlsZ
